Sample_ID	gene	chrom	start	end	ref	alt	Amino_Acid_Change	effect	filter	dna_vaf
TCGA-BH-A0HO-01A	FOXD3	chr1	63323535	63323535	G	A	p.Q159Q	synonymous_variant	PASS	0.4722222222222222
TCGA-BH-A0HO-01A	KPRP	chr1	152760163	152760163	G	A	p.G192D	missense_variant	PASS	0.20481927710843373
TCGA-BH-A0HO-01A	SFT2D2	chr1	168246650	168246650	T	G		3_prime_UTR_variant	PASS	0.22857142857142856
TCGA-BH-A0HO-01A	KIAA1407	chr3	113965097	113965097	A	C		3_prime_UTR_variant	PASS	0.32653061224489793
TCGA-BH-A0HO-01A	FNDC3B	chr3	172133474	172133474	A	G	p.I39V	missense_variant	PASS	0.25882352941176473
TCGA-BH-A0HO-01A	RAI14	chr5	34812204	34812204	A	C	p.K254T	missense_variant	PASS	0.3225806451612903
TCGA-BH-A0HO-01A	ITGA2	chr5	53060960	53060960	C	T	p.R458W	missense_variant	PASS	0.22564102564102564
TCGA-BH-A0HO-01A	GABRA1	chr5	161897518	161897518	T	C		3_prime_UTR_variant	PASS	0.0970873786407767
TCGA-BH-A0HO-01A	DOCK2	chr5	169700100	169700100	G	A	p.V407M	missense_variant	PASS	0.35555555555555557
TCGA-BH-A0HO-01A	POLR2J4	chr7	44016487	44016487	G	A		non_coding_transcript_exon_variant;non_coding_transcript_variant	PASS	0.15022935779816513
TCGA-BH-A0HO-01A	POLD2	chr7	44116913	44116913	G	A	p.D228D	synonymous_variant	PASS	0.3559322033898305
TCGA-BH-A0HO-01A	ZAN	chr7	100792533	100792533	G	C		intron_variant	PASS	0.3448275862068966
TCGA-BH-A0HO-01A	PLEC	chr8	143927022	143927022	G	A	p.A1437A	synonymous_variant	PASS	0.24
TCGA-BH-A0HO-01A	ZBTB43	chr9	126832815	126832815	T	C	p.S102S	synonymous_variant	PASS	0.3445378151260504
TCGA-BH-A0HO-01A	EDRF1	chr10	125741263	125741263	T	C		intron_variant	PASS	0.11728395061728394
TCGA-BH-A0HO-01A	CCDC89	chr11	85686135	85686135	T	C		5_prime_UTR_variant	PASS	0.3333333333333333
TCGA-BH-A0HO-01A	CHST11	chr12	104757161	104757161	C	T	p.T139T	synonymous_variant	PASS	0.24271844660194175
TCGA-BH-A0HO-01A	NDN	chr15	23686793	23686793	C	T	p.R142H	missense_variant	PASS	0.4074074074074074
TCGA-BH-A0HO-01A	LINGO1	chr15	77615479	77615479	C	T	p.S143N	missense_variant	PASS	0.32061068702290074
TCGA-BH-A0HO-01A	GOLGA6L9	chr15	82436020	82436020	G	C	p.A373P	missense_variant	PASS	0.1411042944785276
TCGA-BH-A0HO-01A	SMCHD1	chr18	2747544	2747544	G	T	p.R1275I	missense_variant	PASS	0.2545454545454545
TCGA-BH-A0HO-01A	FCGBP	chr19	39886484	39886484	C	T	p.L2565L	synonymous_variant	PASS	0.19138755980861244
TCGA-BH-A0HO-01A	TMC4	chr19	54173077	54173077	G	A	p.S14F	missense_variant	PASS	0.26136363636363635
TCGA-BH-A0HO-01A	BACH1	chr21	29326995	29326995	C	T	p.R391*	stop_gained	PASS	0.3717948717948718
TCGA-BH-A0HO-01A	ENTHD1	chr22	39765421	39765421	C	A	p.E341*	stop_gained	PASS	0.2879581151832461
TCGA-BH-A0EE-01A	MTOR	chr1	11144685	11144685	C	G	p.R1612P	missense_variant	PASS	0.20909090909090908
TCGA-BH-A0EE-01A	CNKSR1	chr1	26180515	26180515	C	T	p.L39F	missense_variant	PASS	0.08737864077669903
TCGA-BH-A0EE-01A	LIN28A	chr1	26410846	26410846	C	T		5_prime_UTR_variant	PASS	0.11627906976744186
TCGA-BH-A0EE-01A	ARID1A	chr1	26763095	26763095	C	T	p.P848S	missense_variant	PASS	0.17721518987341772
TCGA-BH-A0EE-01A	ADGRL2	chr1	81968134	81968134	C	T	p.R816*	stop_gained	PASS	0.1297709923664122
TCGA-BH-A0EE-01A	PTBP2	chr1	96813533	96813533	T	C		3_prime_UTR_variant	PASS	0.23076923076923078
TCGA-BH-A0EE-01A	SNX7	chr1	98698717	98698717	G	A	p.E284K	missense_variant	PASS	0.13675213675213677
TCGA-BH-A0EE-01A	OLFML3	chr1	113981135	113981135	G	A	p.R196Q	missense_variant	PASS	0.32989690721649484
TCGA-BH-A0EE-01A	OLFML3	chr1	113981136	113981136	G	A	p.R196R	synonymous_variant	PASS	0.3556701030927835
TCGA-BH-A0EE-01A	PTGFRN	chr1	116984682	116984682	G	C	p.D724H	missense_variant;splice_region_variant	PASS	0.12652068126520682
TCGA-BH-A0EE-01A	GPA33	chr1	167055080	167055080	G	A	p.I241I	synonymous_variant	PASS	0.10185185185185185
TCGA-BH-A0EE-01A	TGOLN2	chr2	85326943	85326943	G	A	p.S263S	synonymous_variant	PASS	0.18181818181818182
TCGA-BH-A0EE-01A	TGOLN2	chr2	85326944	85326944	G	A	p.S263F	missense_variant	PASS	0.18666666666666668
TCGA-BH-A0EE-01A	IL1RN	chr2	113132687	113132687	G	A	p.R117K	missense_variant	PASS	0.12962962962962962
TCGA-BH-A0EE-01A	CNTNAP5	chr2	124504463	124504463	G	A	p.E411K	missense_variant	PASS	0.0784313725490196
TCGA-BH-A0EE-01A	TTC21B	chr2	165915346	165915346	G	T	p.L665I	missense_variant	PASS	0.152317880794702
TCGA-BH-A0EE-01A	SESTD1	chr2	179116615	179116615	G	A		intron_variant	PASS	0.1
TCGA-BH-A0EE-01A	ERBB4	chr2	211788066	211788066	G	C	p.P172R	missense_variant	PASS	0.12149532710280374
TCGA-BH-A0EE-01A	CUL3	chr2	224503744	224503744	C	T	p.E429K	missense_variant	PASS	0.43703703703703706
TCGA-BH-A0EE-01A	ATG7	chr3	11554817	11554817	G	A	p.D696N	missense_variant	PASS	0.17647058823529413
TCGA-BH-A0EE-01A	TWF2	chr3	52231960	52231960	G	A	p.S89L	missense_variant	PASS	0.2631578947368421
TCGA-BH-A0EE-01A	CACNA2D3	chr3	54569849	54569849	G	A	p.R244Q	missense_variant	PASS	0.25766871165644173
TCGA-BH-A0EE-01A	ADCY5	chr3	123447672	123447672	C	T	p.A292T	missense_variant	PASS	0.29411764705882354
TCGA-BH-A0EE-01A	ASTE1	chr3	131024514	131024514	G	T	p.H265N	missense_variant	PASS	0.15
TCGA-BH-A0EE-01A	TRIM42	chr3	140688471	140688471	A	C	p.N597H	missense_variant	PASS	0.0703125
TCGA-BH-A0EE-01A	HPS3	chr3	149153620	149153620	G	A	p.E458K	missense_variant	PASS	0.10931174089068826
TCGA-BH-A0EE-01A	PIK3CA	chr3	179224701	179224701	C	T	p.L766F	missense_variant;splice_region_variant	PASS	0.1414141414141414
TCGA-BH-A0EE-01A	MRFAP1	chr4	6640935	6640935	G	A	p.E25K	missense_variant	PASS	0.1875
TCGA-BH-A0EE-01A	KIAA0232	chr4	6864139	6864139	C	G	p.P1253A	missense_variant	PASS	0.24489795918367346
TCGA-BH-A0EE-01A	UGT2B7	chr4	69112771	69112771	G	T		3_prime_UTR_variant	PASS	0.3464566929133858
TCGA-BH-A0EE-01A	HERC6	chr4	88417463	88417463	C	T	p.P533S	missense_variant	PASS	0.07580174927113703
TCGA-BH-A0EE-01A	ELF2	chr4	139059329	139059329	G	C	p.T479S	missense_variant	PASS	0.3058252427184466
TCGA-BH-A0EE-01A	VCAN	chr5	83541399	83541399	T	C	p.M2799T	missense_variant	PASS	0.14285714285714285
TCGA-BH-A0EE-01A	FAM172A	chr5	93620914	93620914	C	T		3_prime_UTR_variant	PASS	0.23809523809523808
TCGA-BH-A0EE-01A	SEMA6A	chr5	116446958	116446958	A	G	p.Y916Y	synonymous_variant	PASS	0.25688073394495414
TCGA-BH-A0EE-01A	IL5	chr5	132541812	132541812	C	G	p.*135Sext*2	stop_lost	PASS	0.07547169811320754
TCGA-BH-A0EE-01A	PCDHGC3	chr5	141478724	141478724	G	A		intron_variant	PASS	0.22857142857142856
TCGA-BH-A0EE-01A	PPP2R2B	chr5	146590184	146590184	G	A	p.F365F	synonymous_variant	PASS	0.1340782122905028
TCGA-BH-A0EE-01A	STK38	chr6	36524465	36524465	T	C	p.X62_splice	splice_acceptor_variant	PASS	0.10101010101010101
TCGA-BH-A0EE-01A	EPHA7	chr6	93259393	93259393	C	G	p.D629H	missense_variant	PASS	0.13157894736842105
TCGA-BH-A0EE-01A	GRID2IP	chr7	6501883	6501883	C	T	p.L1099L	synonymous_variant	PASS	0.20833333333333334
TCGA-BH-A0EE-01A	SEMA3C	chr7	80805677	80805677	G	A	p.A207V	missense_variant	PASS	0.2608695652173913
TCGA-BH-A0EE-01A	STEAP2	chr7	90230008	90230008	T	C	p.L386S	missense_variant	PASS	0.1111111111111111
TCGA-BH-A0EE-01A	ZSCAN21	chr7	100064799	100064799	C	T		3_prime_UTR_variant	PASS	0.11678832116788321
TCGA-BH-A0EE-01A	KCND2	chr7	120275517	120275517	C	T	p.F295F	synonymous_variant	PASS	0.15
TCGA-BH-A0EE-01A	FAM180A	chr7	135748589	135748589	T	C		5_prime_UTR_variant	PASS	0.07909604519774012
TCGA-BH-A0EE-01A	GIMAP8	chr7	150474424	150474424	G	A	p.R365R	synonymous_variant	PASS	0.07453416149068323
TCGA-BH-A0EE-01A	DOCK5	chr8	25408926	25408926	C	T	p.A1797V	missense_variant	PASS	0.06622516556291391
TCGA-BH-A0EE-01A	UBR5	chr8	102312173	102312173	C	T	p.E742K	missense_variant	PASS	0.09090909090909091
TCGA-BH-A0EE-01A	TBC1D31	chr8	123129149	123129149	G	A	p.R734H	missense_variant	PASS	0.2222222222222222
TCGA-BH-A0EE-01A	COL22A1	chr8	138646673	138646673	C	A	p.G1153W	missense_variant	PASS	0.4411764705882353
TCGA-BH-A0EE-01A	RCL1	chr9	4826926	4826926	C	T	p.R93C	missense_variant	PASS	0.09863013698630137
TCGA-BH-A0EE-01A	FOCAD	chr9	20716151	20716151	C	T		intron_variant	PASS	0.10479573712255773
TCGA-BH-A0EE-01A	OR13F1	chr9	104504764	104504764	C	T	p.L168F	missense_variant	PASS	0.36363636363636365
TCGA-BH-A0EE-01A	ASTN2	chr9	116733486	116733486	C	T	p.D812N	missense_variant	PASS	0.08275862068965517
TCGA-BH-A0EE-01A	FAM107B	chr10	14774294	14774294	G	A	p.H124Y	missense_variant	PASS	0.10434782608695652
TCGA-BH-A0EE-01A	COMMD3-BMI1	chr10	22318757	22318757	C	T		intron_variant	PASS	0.18681318681318682
TCGA-BH-A0EE-01A	KIF5B	chr10	32037374	32037374	C	T	p.M197I	missense_variant	PASS	0.10648148148148148
TCGA-BH-A0EE-01A	PARG	chr10	49879783	49879783	C	T	p.S626S	synonymous_variant	PASS	0.33183856502242154
TCGA-BH-A0EE-01A	GLUD1	chr10	87060975	87060975	A	G	p.S333S	synonymous_variant	PASS	0.25
TCGA-BH-A0EE-01A	CYP2C18	chr10	94695020	94695020	T	G	p.L195L	synonymous_variant	PASS	0.041742286751361164
TCGA-BH-A0EE-01A	SMC3	chr10	110580955	110580955	G	A	p.E161K	missense_variant	PASS	0.2857142857142857
TCGA-BH-A0EE-01A	OSBPL5	chr11	3126562	3126562	G	A		splice_region_variant;intron_variant	PASS	0.45454545454545453
TCGA-BH-A0EE-01A	NUP98	chr11	3676188	3676188	G	A	p.L1809L	synonymous_variant	PASS	0.25925925925925924
TCGA-BH-A0EE-01A	WT1	chr11	32438884	32438884	G	A		upstream_gene_variant	PASS	0.44776119402985076
TCGA-BH-A0EE-01A	LRTOMT	chr11	72093602	72093602	T	A	p.D63E	missense_variant	PASS	0.16153846153846155
TCGA-BH-A0EE-01A	ARHGEF12	chr11	120477249	120477249	A	T	p.A1132A	synonymous_variant	PASS	0.13432835820895522
TCGA-BH-A0EE-01A	GLB1L2	chr11	134368717	134368717	C	T	p.T321T	synonymous_variant	PASS	0.6791044776119403
TCGA-BH-A0EE-01A	GRIN2B	chr12	13569907	13569907	C	A	p.G761V	missense_variant	PASS	0.18840579710144928
TCGA-BH-A0EE-01A	IPO8	chr12	30661236	30661236	C	G	p.D596H	missense_variant	PASS	0.20809248554913296
TCGA-BH-A0EE-01A	IPO8	chr12	30662446	30662446	C	T	p.E546K	missense_variant	PASS	0.2840909090909091
TCGA-BH-A0EE-01A	IPO8	chr12	30666187	30666187	C	G	p.K403N	missense_variant	PASS	0.38235294117647056
TCGA-BH-A0EE-01A	SLC38A4	chr12	46779844	46779844	G	T	p.G198G	synonymous_variant	PASS	0.13761467889908258
TCGA-BH-A0EE-01A	BTG1	chr12	92144277	92144277	C	T	p.D107N	missense_variant	PASS	0.1896551724137931
TCGA-BH-A0EE-01A	MORN3	chr12	121653110	121653110	C	T	p.E205K	missense_variant	PASS	0.29508196721311475
TCGA-BH-A0EE-01A	ZNF84	chr12	133058896	133058896	C	T	p.I727I	synonymous_variant	PASS	0.17105263157894737
TCGA-BH-A0EE-01A	IRF9	chr14	24162265	24162265	C	A	p.P41T	missense_variant	PASS	0.10582010582010581
TCGA-BH-A0EE-01A	LRRC74A	chr14	76870189	76870189	T	A		3_prime_UTR_variant	PASS	0.24285714285714285
TCGA-BH-A0EE-01A	EML5	chr14	88712370	88712370	C	T	p.D520N	missense_variant	PASS	0.32748538011695905
TCGA-BH-A0EE-01A	CATSPERB	chr14	91639154	91639154	C	T	p.R510H	missense_variant	PASS	0.328804347826087
TCGA-BH-A0EE-01A	TRIP11	chr14	91969861	91969861	C	T	p.D1918N	missense_variant	PASS	0.045454545454545456
TCGA-BH-A0EE-01A	MARK3	chr14	103502978	103502978	T	G	p.D671E	missense_variant	PASS	0.3673469387755102
TCGA-BH-A0EE-01A	DMXL2	chr15	51476705	51476705	C	A	p.G2282V	missense_variant	PASS	0.08076923076923077
TCGA-BH-A0EE-01A	GRAMD2	chr15	72163386	72163386	G	A	p.P279L	missense_variant	PASS	0.2222222222222222
TCGA-BH-A0EE-01A	ACSM2A	chr16	20469708	20469708	G	A	p.K195K	synonymous_variant	PASS	0.043121149897330596
TCGA-BH-A0EE-01A	ABCC11	chr16	48215292	48215292	C	T	p.S335N	missense_variant	PASS	0.07531380753138076
TCGA-BH-A0EE-01A	N4BP1	chr16	48561484	48561484	C	T	p.E387K	missense_variant	PASS	0.0963855421686747
TCGA-BH-A0EE-01A	CNOT1	chr16	58543477	58543477	A	C		intron_variant	PASS	0.15873015873015872
TCGA-BH-A0EE-01A	GAS8	chr16	90031455	90031455	G	A	p.E83K	missense_variant	PASS	0.16666666666666666
TCGA-BH-A0EE-01A	TP53	chr17	7675085	7675085	C	G	p.C176S	missense_variant	PASS	0.391304347826087
TCGA-BH-A0EE-01A	MED1	chr17	39407571	39407571	T	A	p.T1550T	synonymous_variant	PASS	0.045077105575326216
TCGA-BH-A0EE-01A	RGS9	chr17	65225329	65225329	G	A	p.A579T	missense_variant	PASS	0.5555555555555556
TCGA-BH-A0EE-01A	FN3KRP	chr17	82718940	82718940	T	C	p.L59S	missense_variant	PASS	0.1346153846153846
TCGA-BH-A0EE-01A	NOL4	chr18	34019334	34019334	C	G	p.R347T	missense_variant	PASS	0.2426470588235294
TCGA-BH-A0EE-01A	PHLPP1	chr18	62975458	62975458	G	A	p.D1273N	missense_variant	PASS	0.0945945945945946
TCGA-BH-A0EE-01A	DOT1L	chr19	2202728	2202728	G	A	p.G246S	missense_variant	PASS	0.32
TCGA-BH-A0EE-01A	ZNF563	chr19	12333626	12333626	G	C		5_prime_UTR_variant	PASS	0.24242424242424243
TCGA-BH-A0EE-01A	RASAL3	chr19	15454372	15454372	C	T	p.E717K	missense_variant	PASS	0.1702127659574468
TCGA-BH-A0EE-01A	MAP3K10	chr19	40205144	40205144	G	A	p.G346R	missense_variant	PASS	0.2891566265060241
TCGA-BH-A0EE-01A	PSG4	chr19	43194444	43194444	G	C	p.S380C	missense_variant	PASS	0.08333333333333333
TCGA-BH-A0EE-01A	APOC1P1	chr19	44926981	44926981	G	C		non_coding_transcript_exon_variant;non_coding_transcript_variant	PASS	0.20253164556962025
TCGA-BH-A0EE-01A	CGB2	chr19	49033039	49033039	C	T	p.L104F	missense_variant	PASS	0.10714285714285714
TCGA-BH-A0EE-01A	CGB2	chr19	49033041	49033041	C	T	p.L104L	synonymous_variant	PASS	0.10714285714285714
TCGA-BH-A0EE-01A	NLRP2	chr19	54990193	54990193	G	A	p.X846_splice	splice_donor_variant	PASS	0.15306122448979592
TCGA-BH-A0EE-01A	PSMF1	chr20	1118818	1118818	C	T	p.I15I	synonymous_variant	PASS	0.14347826086956522
TCGA-BH-A0EE-01A	CDC25B	chr20	3802057	3802057	G	A	p.R352Q	missense_variant	PASS	0.14473684210526316
TCGA-BH-A0EE-01A	ITSN1	chr21	33735113	33735113	C	G	p.I85M	missense_variant	PASS	0.07246376811594203
TCGA-BH-A0EE-01A	RIPPLY3	chr21	37018175	37018175	T	G	p.S181A	missense_variant	PASS	0.23214285714285715
TCGA-BH-A0EE-01A	KRTAP10-6	chr21	44591414	44591414	G	A	p.L357L	synonymous_variant	PASS	0.13243243243243244
TCGA-BH-A0EE-01A	KRTAP10-6	chr21	44591892	44591892	G	A	p.S198L	missense_variant	PASS	0.07097791798107256
TCGA-BH-A0EE-01A	KRTAP10-6	chr21	44591915	44591915	G	A	p.V190V	synonymous_variant	PASS	0.0911854103343465
TCGA-BH-A0EE-01A	KRTAP10-7	chr21	44600975	44600975	C	T	p.V118V	synonymous_variant	PASS	0.08888888888888889
TCGA-BH-A0EE-01A	CLTCL1	chr22	19223960	19223960	G	C	p.I741M	missense_variant	PASS	0.07547169811320754
TCGA-BH-A0EE-01A	UPB1	chr22	24502421	24502421	G	A		intron_variant	PASS	0.2903225806451613
TCGA-BH-A0EE-01A	PRKX	chrX	3615856	3615856	G	A	p.R304C	missense_variant	PASS	0.14772727272727273
TCGA-BH-A0EE-01A	CNKSR2	chrX	21440723	21440723	C	G	p.S154*	stop_gained	PASS	0.12437810945273632
TCGA-BH-A0EE-01A	PCYT1B	chrX	24562387	24562387	G	A	p.S339L	missense_variant	PASS	0.16279069767441862
TCGA-BH-A0EE-01A	HEPH	chrX	66188450	66188450	G	T	p.W239C	missense_variant	PASS	0.21428571428571427
TCGA-BH-A0EE-01A	PBDC1	chrX	76177730	76177730	G	A	p.G175E	missense_variant	PASS	0.15879017013232513
TCGA-BH-A0EE-01A	RPS6KA6	chrX	84106969	84106969	T	C	p.I395V	missense_variant	PASS	0.18181818181818182
TCGA-BH-A0EE-01A	ZCCHC12	chrX	118825479	118825479	G	A	p.E79K	missense_variant	PASS	0.11914893617021277
TCGA-BH-A0EE-01A	CUL4B	chrX	120545476	120545476	G	T	p.Y314*	stop_gained	PASS	0.22916666666666666
TCGA-BH-A0EE-01A	ADGRG4	chrX	136414241	136414241	C	A	p.P3040Q	missense_variant	PASS	0.10309278350515463
TCGA-BH-A0EE-01A	MAGEA3	chrX	152701363	152701363	C	A	p.I177I	synonymous_variant	PASS	0.06976744186046512
TCGA-BH-A18V-01A	ACAP3	chr1	1294187	1294187	C	T	p.V718I	missense_variant	PASS	0.525
TCGA-BH-A18V-01A	GPR153	chr1	6251448	6251448	G	C	p.A290G	missense_variant	PASS	0.7391304347826086
TCGA-BH-A18V-01A	CAMTA1	chr1	7745857	7745857	C	G	p.N1461K	missense_variant	PASS	0.58
TCGA-BH-A18V-01A	COL16A1	chr1	31665598	31665598	G	T	p.G1159G	synonymous_variant	PASS	0.3793103448275862
TCGA-BH-A18V-01A	FNDC5	chr1	32868275	32868275	G	A	p.I108I	synonymous_variant	PASS	0.4435483870967742
TCGA-BH-A18V-01A	HPCAL4	chr1	39683955	39683955	C	T	p.E120E	synonymous_variant	PASS	0.34782608695652173
TCGA-BH-A18V-01A	PTPRF	chr1	43619297	43619297	G	A	p.V1552V	synonymous_variant	PASS	0.44
TCGA-BH-A18V-01A	CPT2	chr1	53210208	53210208	G	C	p.L178F	missense_variant	PASS	0.15873015873015872
TCGA-BH-A18V-01A	NOTCH2	chr1	119922749	119922749	C	T	p.R1630H	missense_variant	PASS	0.3471698113207547
TCGA-BH-A18V-01A	BNIPL	chr1	151043065	151043065	C	T	p.F181F	synonymous_variant	PASS	0.05733333333333333
TCGA-BH-A18V-01A	FLG	chr1	152306895	152306895	C	T	p.S2664N	missense_variant	PASS	0.33074361820199777
TCGA-BH-A18V-01A	RAB13	chr1	153982261	153982261	C	T		intron_variant	PASS	0.17490494296577946
TCGA-BH-A18V-01A	UBE2Q1	chr1	154552445	154552445	G	A	p.L278L	synonymous_variant	PASS	0.18842364532019704
TCGA-BH-A18V-01A	UBQLN4	chr1	156044125	156044125	C	G	p.W333C	missense_variant	PASS	0.13333333333333333
TCGA-BH-A18V-01A	SPTA1	chr1	158645188	158645188	C	A	p.Q1398H	missense_variant;splice_region_variant	PASS	0.05510752688172043
TCGA-BH-A18V-01A	FCER1A	chr1	159304165	159304165	A	T	p.Y105F	missense_variant	PASS	0.5584795321637427
TCGA-BH-A18V-01A	SLAMF6	chr1	160491344	160491344	G	C	p.Q143E	missense_variant	PASS	0.1135593220338983
TCGA-BH-A18V-01A	GPA33	chr1	167069070	167069070	G	A	p.V89V	synonymous_variant	PASS	0.12474849094567404
TCGA-BH-A18V-01A	TIPRL	chr1	168191401	168191401	A	G	p.E139E	synonymous_variant	PASS	0.14492753623188406
TCGA-BH-A18V-01A	ASTN1	chr1	176936220	176936220	C	T		intron_variant	PASS	0.4550898203592814
TCGA-BH-A18V-01A	ADORA1	chr1	203165252	203165252	C	T		intron_variant	PASS	0.14285714285714285
TCGA-BH-A18V-01A	SCCPDH	chr1	246726957	246726957	G	C	p.D86H	missense_variant	PASS	0.16323296354992076
TCGA-BH-A18V-01A	APOB	chr2	21010384	21010384	C	A	p.D2162Y	missense_variant	PASS	0.3450413223140496
TCGA-BH-A18V-01A	EML6	chr2	54866820	54866820	G	A	p.A663T	missense_variant	PASS	0.3609467455621302
TCGA-BH-A18V-01A	FAM161A	chr2	61840197	61840197	G	C	p.L269L	synonymous_variant	PASS	0.36542443064182195
TCGA-BH-A18V-01A	C2orf81	chr2	74416100	74416100	C	A	p.E57*	stop_gained	PASS	0.3695652173913043
TCGA-BH-A18V-01A	SLC9A2	chr2	102657949	102657949	C	G	p.V225V	synonymous_variant	PASS	0.3711340206185567
TCGA-BH-A18V-01A	SLC9A2	chr2	102657995	102657995	G	C	p.G241R	missense_variant	PASS	0.3464566929133858
TCGA-BH-A18V-01A	CCDC138	chr2	108786763	108786763	G	A		5_prime_UTR_variant	PASS	0.2711864406779661
TCGA-BH-A18V-01A	TFCP2L1	chr2	121224385	121224385	C	G	p.E466Q	missense_variant;splice_region_variant	PASS	0.15
TCGA-BH-A18V-01A	CNTNAP5	chr2	124446844	124446844	G	A	p.E275E	synonymous_variant	PASS	0.18487394957983194
TCGA-BH-A18V-01A	ZEB2	chr2	144398526	144398526	G	C	p.N887K	missense_variant	PASS	0.04604051565377532
TCGA-BH-A18V-01A	NEB	chr2	151631317	151631317	C	G		intron_variant	PASS	0.33195020746887965
TCGA-BH-A18V-01A	PLA2R1	chr2	159984052	159984052	G	C	p.L687V	missense_variant	PASS	0.41216216216216217
TCGA-BH-A18V-01A	XIRP2	chr2	167243793	167243793	G	A	p.V626I	missense_variant	PASS	0.3
TCGA-BH-A18V-01A	LRP2	chr2	169170581	169170581	A	G	p.C3784R	missense_variant	PASS	0.305019305019305
TCGA-BH-A18V-01A	KLHL41	chr2	169510376	169510376	G	C	p.V200L	missense_variant	PASS	0.24929577464788732
TCGA-BH-A18V-01A	METAP1D	chr2	172080169	172080169	G	C	p.E298Q	missense_variant	PASS	0.3274760383386581
TCGA-BH-A18V-01A	DNAH7	chr2	195875738	195875738	G	C	p.L2075V	missense_variant	PASS	0.371900826446281
TCGA-BH-A18V-01A	MAP2	chr2	209710146	209710146	G	A	p.A1655A	synonymous_variant	PASS	0.3644578313253012
TCGA-BH-A18V-01A	ABCA12	chr2	214950992	214950992	C	G	p.G2247R	missense_variant	PASS	0.3542319749216301
TCGA-BH-A18V-01A	HTR2B	chr2	231123699	231123699	G	C	p.T22T	synonymous_variant	PASS	0.3815126050420168
TCGA-BH-A18V-01A	PTMA	chr2	231713262	231713262	C	G		3_prime_UTR_variant	PASS	0.06479481641468683
TCGA-BH-A18V-01A	SETD5	chr3	9428848	9428848	G	C		5_prime_UTR_variant	PASS	0.1407035175879397
TCGA-BH-A18V-01A	ATP2B2	chr3	10388361	10388361	C	T	p.A275T	missense_variant	PASS	0.6946386946386947
TCGA-BH-A18V-01A	SCN5A	chr3	38633343	38633343	C	G		5_prime_UTR_variant	PASS	0.8125
TCGA-BH-A18V-01A	GRM2	chr3	51715260	51715260	C	G	p.P496R	missense_variant	PASS	0.6170212765957447
TCGA-BH-A18V-01A	PARP3	chr3	51944131	51944131	G	C	p.E76Q	missense_variant	PASS	0.674074074074074
TCGA-BH-A18V-01A	NT5DC2	chr3	52529249	52529249	G	T	p.V69V	synonymous_variant	PASS	0.11578947368421053
